feature,mean_abs_shap
smoker_bmi_interaction,6397.51510782228
age,3041.679997166857
high_risk_age_interaction,1779.6284505270573
smoker_age_interaction,1388.6812351066512
cost_complexity_score,937.7407394994304
high_risk,554.8330280582948
region,396.41546826638876
smoker,280.1943988917187
bmi,217.00373515829756
children,193.20180932687202
sex,155.73234162409398
family_size,107.49756603163138
age_group,84.4230831518378
bmi_category,44.24675765646409
